xanim,pb_rifle_endgame_1stplace_idle
xanim,pb_rifle_endgame_2ndplace_idle
xanim,pb_rifle_endgame_3rdplace_idle
xmodel,c_54i_cqb_mpc_fb_fe
xmodel,c_t7_dlchd_dempsey_waw_viewhands
xmodel,c_t7_dlchd_dempsey_waw_viewlegs
xmodel,c_t7_zm_dlchd_moon_pressuresuit_dempsey_mpc
xmodel,c_t7_zm_dlchd_moon_pressuresuit_nikolai_mpc
xmodel,c_t7_zm_dlchd_moon_pressuresuit_richtofen_mpc
xmodel,c_t7_zm_dlchd_moon_pressuresuit_takeo_mpc
xmodel,c_t7_zm_dlchd_nikolai_waw_mpc_fb
xmodel,c_t7_zm_dlchd_nikolai_waw_viewhands
xmodel,c_t7_zm_dlchd_nikolai_waw_viewlegs
xmodel,c_t7_zm_dlchd_richtofen_waw_mpc_fb
xmodel,c_t7_zm_dlchd_richtofen_waw_viewhands
xmodel,c_t7_zm_dlchd_richtofen_waw_viewlegs
xmodel,c_t7_zm_dlchd_takeo_waw_viewhands
xmodel,c_t7_zm_dlchd_takeo_waw_viewlegs
xmodel,c_t7_zm_dlchd_waw_dempsey_mpc_fb
xmodel,c_t7_zm_dlchd_waw_takeo_mpc_fb
xmodel,c_zom_der_dempsey_cin_fb
xmodel,c_zom_der_dempsey_mpc_fb
xmodel,c_zom_der_dempsey_viewbody
xmodel,c_zom_der_dempsey_viewhands
xmodel,c_zom_der_dempsey_viewlegs
xmodel,c_zom_der_nikolai_cin_fb
xmodel,c_zom_der_nikolai_mpc_fb
xmodel,c_zom_der_nikolai_viewbody
xmodel,c_zom_der_nikolai_viewhands
xmodel,c_zom_der_nikolai_viewlegs
xmodel,c_zom_der_richtofen_cin_fb
xmodel,c_zom_der_richtofen_mpc_fb
xmodel,c_zom_der_richtofen_viewbody
xmodel,c_zom_der_richtofen_viewhands
xmodel,c_zom_der_richtofen_viewlegs
xmodel,c_zom_der_takeo_cin_fb
xmodel,c_zom_der_takeo_mpc_fb
xmodel,c_zom_der_takeo_viewbody
xmodel,c_zom_der_takeo_viewhands
xmodel,c_zom_der_takeo_viewlegs
xmodel,c_zom_dlc3_dempsey_cin_fb
xmodel,c_zom_dlc3_dempsey_mpc_fb
xmodel,c_zom_dlc3_nikolai_cin_fb
xmodel,c_zom_dlc3_nikolai_mpc_fb
xmodel,c_zom_dlc3_nikolai_mpc_fb_nohat
xmodel,c_zom_dlc3_richtofen_cin_fb
xmodel,c_zom_dlc3_takeo_cin_fb
xmodel,c_zom_dlc3_takeo_mpc_fb
xmodel,c_zom_dlc3_takeo_mpc_fb_nohat
xmodel,c_zom_dlc_dempsey_cin_fb
xmodel,c_zom_dlc_nikolai_cin_fb
xmodel,c_zom_dlc_richtofen_cin_fb
xmodel,c_zom_dlc_takeo_cin_fb
xmodel,c_zom_zod_boxer_mpc_fb
xmodel,c_zom_zod_boxer_viewbody
xmodel,c_zom_zod_boxer_viewhands
xmodel,c_zom_zod_boxer_viewlegs
xmodel,c_zom_zod_detective_mpc_fb
xmodel,c_zom_zod_detective_viewbody
xmodel,c_zom_zod_detective_viewhands
xmodel,c_zom_zod_detective_viewlegs
xmodel,c_zom_zod_femme_mpc_fb
xmodel,c_zom_zod_femme_viewbody
xmodel,c_zom_zod_femme_viewhands
xmodel,c_zom_zod_femme_viewlegs
xmodel,c_zom_zod_magician_mpc_fb
xmodel,c_zom_zod_magician_viewbody
xmodel,c_zom_zod_magician_viewhands
xmodel,c_zom_zod_magician_viewlegs
xmodel,t7_ba_aru_fb
xmodel,t7_ba_aru_viewbody
xmodel,t7_ba_chise_fb
xmodel,t7_ba_fubuki_fb
xmodel,t7_ba_hare_fb
xmodel,t7_ba_hina_fb
xmodel,t7_ba_izuna_fb
xmodel,t7_ba_izuna_viewbody
xmodel,t7_ba_mari_fb
xmodel,t7_ba_minori_fb
xmodel,t7_ba_momoi_body_mpc
xmodel,t7_ba_momoi_fb
xmodel,t7_ba_momoi_fb_mpc
xmodel,t7_ba_momoi_viewhands
xmodel,t7_ba_momoi_viewlegs
xmodel,t7_ba_shigure_fb
xmodel,t7_ba_shigure_fb_mpc
xmodel,t7_ba_shigure_viewbody
xmodel,t7_ba_shigure_viewhands
xmodel,t7_ba_shigure_viewlegs
xmodel,t7_ba_shiroko_fb
xmodel,t7_ba_yuuka_fb
xmodel,tag_origin
xmodelmesh,t7_ba_aru_fb12a5a100
xmodelmesh,t7_ba_chise_cin5f25095e
xmodelmesh,t7_ba_chise_fba9102e56
xmodelmesh,t7_ba_chise_viewbodyebc03801
xmodelmesh,t7_ba_chise_viewhands69ffeb09
xmodelmesh,t7_ba_chise_viewlegsf4727faf
xmodelmesh,t7_ba_fubuki_fbc7235632
xmodelmesh,t7_ba_fubuki_fbe5e4bdd5
xmodelmesh,t7_ba_fubuki_viewbody10ce8415
xmodelmesh,t7_ba_fubuki_viewhandscab5fe4d
xmodelmesh,t7_ba_fubuki_viewlegs6bc95dd8
xmodelmesh,t7_ba_hare_cina5d784d8
xmodelmesh,t7_ba_hare_fb8660df2b
xmodelmesh,t7_ba_hare_viewbodybdd19cf3
xmodelmesh,t7_ba_hare_viewhands8f5418f
xmodelmesh,t7_ba_hare_viewlegsee028eb0
xmodelmesh,t7_ba_hina_cin81ad5560
xmodelmesh,t7_ba_hina_fb8d02f600
xmodelmesh,t7_ba_hina_viewbody78081225
xmodelmesh,t7_ba_hina_viewhands62fc6bb5
xmodelmesh,t7_ba_hina_viewlegs224c2684
xmodelmesh,t7_ba_izuna_cinac501a28
xmodelmesh,t7_ba_izuna_fb45d2de83
xmodelmesh,t7_ba_izuna_viewbodye278ab5b
xmodelmesh,t7_ba_izuna_viewhands152e14e1
xmodelmesh,t7_ba_izuna_viewlegsbcc75d91
xmodelmesh,t7_ba_mari_fbc641d33
xmodelmesh,t7_ba_mari_fbff0439f1
xmodelmesh,t7_ba_mari_viewbody7c3c4da7
xmodelmesh,t7_ba_mari_viewhands755fc1e4
xmodelmesh,t7_ba_mari_viewlegs36183317
xmodelmesh,t7_ba_minori_cine34e85a3
xmodelmesh,t7_ba_minori_fba03cfa58
xmodelmesh,t7_ba_minori_viewbody9d266a0e
xmodelmesh,t7_ba_minori_viewhandsc133603
xmodelmesh,t7_ba_minori_viewlegsfc18de74
xmodelmesh,t7_ba_momoi_body_mp9d612cce
xmodelmesh,t7_ba_momoi_cin9feb1f19
xmodelmesh,t7_ba_momoi_fb37170d38
xmodelmesh,t7_ba_momoi_viewhandsca0ceba8
xmodelmesh,t7_ba_momoi_viewlegs7d87f07a
xmodelmesh,t7_ba_new_aru_fbf562aca4
xmodelmesh,t7_ba_new_aru_viewbodycc4fd362
xmodelmesh,t7_ba_new_aru_viewhands9d306c41
xmodelmesh,t7_ba_new_aru_viewlegsb4f9c354
xmodelmesh,t7_ba_shigure_cin9b08e091
xmodelmesh,t7_ba_shigure_fbc4e1a8da
xmodelmesh,t7_ba_shigure_viewbody6224a029
xmodelmesh,t7_ba_shigure_viewhandsfc75346d
xmodelmesh,t7_ba_shigure_viewlegse720b461
xmodelmesh,t7_ba_shiroko_fb19d7b5d6
xmodelmesh,t7_ba_shiroko_fbd8afaede
xmodelmesh,t7_ba_shiroko_viewbody9e4cea06
xmodelmesh,t7_ba_shiroko_viewhands8ba12695
xmodelmesh,t7_ba_shiroko_viewlegs45ec2e6e
xmodelmesh,t7_ba_yuuka_fb1d35368e
xmodelmesh,t7_ba_yuuka_fb485531b9
xmodelmesh,t7_ba_yuuka_viewbody62fb8838
xmodelmesh,t7_ba_yuuka_viewhands60664052
xmodelmesh,t7_ba_yuuka_viewlegs2b59b33f
xmodelmesh,tag_origin712ed15b
material,ba_logo
material,ei/gfx_distort_heat
material,ei/gfx_fog_slow_lg_anim_lit
material,ei/gfx_fog_slow_lg_anim_lit|dup
material,ei/gfx_fog_slow_md_anim_lit
material,ei/gfx_fog_slow_md_anim_lit|dup
material,ei/gfx_fog_slow_sm_anim_lit
material,ei/gfx_fog_slow_sm_anim_lit|dup
material,ei/gfx_gel_drops_full_lite_spec
material,ei/gfx_smk_billow_sm_anim_lit
material,ei/gfx_smk_billow_sm_anim_lit|dup
material,ei/gfx_water_bubble_single_anim_spec
material,ei/gfx_water_bubbledeath_group2_anim_spec
material,ei/gfx_water_splash_low_anim_lit
material,ei/gfx_water_splash_low_anim_lit|dup
material,ei/gfx_water_splash_spec
material,mc/global_invisible
material,mc/mtl_t7_ba_aru_body
material,mc/mtl_t7_ba_aru_extras
material,mc/mtl_t7_ba_aru_eye
material,mc/mtl_t7_ba_aru_eyebrows
material,mc/mtl_t7_ba_aru_face
material,mc/mtl_t7_ba_aru_hair
material,mc/mtl_t7_ba_aru_halo
material,mc/mtl_t7_ba_aru_outfit
material,mc/mtl_t7_ba_aru_shirt
material,mc/mtl_t7_ba_aru_shoes
material,mc/mtl_t7_ba_chise_body
material,mc/mtl_t7_ba_chise_extras
material,mc/mtl_t7_ba_chise_face
material,mc/mtl_t7_ba_chise_gloves
material,mc/mtl_t7_ba_chise_hair
material,mc/mtl_t7_ba_chise_halo
material,mc/mtl_t7_ba_chise_horns
material,mc/mtl_t7_ba_chise_legs_extras
material,mc/mtl_t7_ba_chise_legs_outfit
material,mc/mtl_t7_ba_chise_outfit
material,mc/mtl_t7_ba_chise_shoes
material,mc/mtl_t7_ba_chise_sleeves
material,mc/mtl_t7_ba_chise_transparent
material,mc/mtl_t7_ba_fubuki_body
material,mc/mtl_t7_ba_fubuki_cap
material,mc/mtl_t7_ba_fubuki_clothes
material,mc/mtl_t7_ba_fubuki_extras
material,mc/mtl_t7_ba_fubuki_face
material,mc/mtl_t7_ba_fubuki_hair
material,mc/mtl_t7_ba_fubuki_halo
material,mc/mtl_t7_ba_hare_body
material,mc/mtl_t7_ba_hare_extras
material,mc/mtl_t7_ba_hare_eyes
material,mc/mtl_t7_ba_hare_face
material,mc/mtl_t7_ba_hare_face_extras
material,mc/mtl_t7_ba_hare_hair
material,mc/mtl_t7_ba_hare_halo
material,mc/mtl_t7_ba_hare_jacket
material,mc/mtl_t7_ba_hare_labcoat
material,mc/mtl_t7_ba_hare_shoes
material,mc/mtl_t7_ba_hina_body
material,mc/mtl_t7_ba_hina_face
material,mc/mtl_t7_ba_hina_hair
material,mc/mtl_t7_ba_hina_halo
material,mc/mtl_t7_ba_izuna_body
material,mc/mtl_t7_ba_izuna_clothes
material,mc/mtl_t7_ba_izuna_clothes_hands
material,mc/mtl_t7_ba_izuna_face
material,mc/mtl_t7_ba_izuna_face_extra
material,mc/mtl_t7_ba_izuna_hair
material,mc/mtl_t7_ba_izuna_halo
material,mc/mtl_t7_ba_izuna_kimono
material,mc/mtl_t7_ba_izuna_scarf
material,mc/mtl_t7_ba_izuna_tail
material,mc/mtl_t7_ba_mari_body
material,mc/mtl_t7_ba_mari_clothes
material,mc/mtl_t7_ba_mari_face
material,mc/mtl_t7_ba_mari_hair
material,mc/mtl_t7_ba_minori_body
material,mc/mtl_t7_ba_minori_clothes
material,mc/mtl_t7_ba_minori_clothes_extra
material,mc/mtl_t7_ba_minori_extras
material,mc/mtl_t7_ba_minori_face
material,mc/mtl_t7_ba_minori_hair
material,mc/mtl_t7_ba_minori_halo
material,mc/mtl_t7_ba_momoi_body
material,mc/mtl_t7_ba_momoi_clothes
material,mc/mtl_t7_ba_momoi_coat
material,mc/mtl_t7_ba_momoi_etc
material,mc/mtl_t7_ba_momoi_hair
material,mc/mtl_t7_ba_new_aru_body
material,mc/mtl_t7_ba_new_aru_clothes
material,mc/mtl_t7_ba_new_aru_extras
material,mc/mtl_t7_ba_new_aru_eyes
material,mc/mtl_t7_ba_new_aru_face
material,mc/mtl_t7_ba_new_aru_hair
material,mc/mtl_t7_ba_outline
material,mc/mtl_t7_ba_shigure_cape
material,mc/mtl_t7_ba_shigure_eyes
material,mc/mtl_t7_ba_shigure_eyewhites
material,mc/mtl_t7_ba_shigure_face
material,mc/mtl_t7_ba_shigure_gloves
material,mc/mtl_t7_ba_shigure_gray
material,mc/mtl_t7_ba_shigure_hair
material,mc/mtl_t7_ba_shigure_halo
material,mc/mtl_t7_ba_shigure_legs
material,mc/mtl_t7_ba_shigure_outfit
material,mc/mtl_t7_ba_shigure_sweater
material,mc/mtl_t7_ba_shiroko_body
material,mc/mtl_t7_ba_shiroko_clothes
material,mc/mtl_t7_ba_shiroko_etc
material,mc/mtl_t7_ba_shiroko_face
material,mc/mtl_t7_ba_shiroko_hair
material,mc/mtl_t7_ba_shiroko_halo
material,mc/mtl_t7_ba_yuuka_body
material,mc/mtl_t7_ba_yuuka_coat
material,mc/mtl_t7_ba_yuuka_hair
material,mc/mtl_t7_ba_yuuka_head
material,mc/mtl_t7_ba_yuuka_other
material,mc/mtl_t7_ba_yuuka_suit
techset,2d_blend#da7372ff
techset,ei/effect_distortion#2843f95a
techset,ei/effect_lit_blend#2843f95a
techset,ei/effect_lit_specular_blend#2843f95a
techset,mc/cloth#e6142445
techset,mc/lit_emissive_plus#e6142445
techset,mc/lit_emissive_transparent_plus#e6142445
techset,mc/lit_transparent#e6142445
image,$black
image,$black_color
image,$camo_base_gloss
image,$camo_base_mask
image,$camo_base_normal
image,$gray_32_one_channel
image,$identitynormalmap
image,$white_ao
image,$white_gloss
image,$white_multimask
image,$white_reveal
image,fxt_distort_heat
image,fxt_fog_slow_lg_anim
image,fxt_fog_slow_md_anim
image,fxt_fog_slow_sm_anim
image,fxt_gel_drops
image,fxt_gel_drops_n
image,fxt_smk_billow_sm_anim
image,fxt_water_bubble_single_anim
image,fxt_water_bubble_single_anim_n
image,fxt_water_bubbledeath_group2_anim
image,fxt_water_bubbledeath_group2_anim_n
image,fxt_water_splash
image,fxt_water_splash_low_anim
image,fxt_water_splash_n
image,i_t7_ba_aru_body_c
image,i_t7_ba_aru_extras_c
image,i_t7_ba_aru_eye_c
image,i_t7_ba_aru_eyebrows_c
image,i_t7_ba_aru_face_c
image,i_t7_ba_aru_hair_c
image,i_t7_ba_aru_halo_c
image,i_t7_ba_aru_outfit_c
image,i_t7_ba_aru_shirt_c
image,i_t7_ba_aru_shoes_c
image,i_t7_ba_chise_body_c
image,i_t7_ba_chise_extras_c
image,i_t7_ba_chise_face_c
image,i_t7_ba_chise_gloves_c
image,i_t7_ba_chise_hair_c
image,i_t7_ba_chise_halo_c
image,i_t7_ba_chise_horns_c
image,i_t7_ba_chise_legs_extras_c
image,i_t7_ba_chise_legs_outfit_c
image,i_t7_ba_chise_outfit_c
image,i_t7_ba_chise_shoes_c
image,i_t7_ba_chise_sleeves_c
image,i_t7_ba_chise_transparent_c
image,i_t7_ba_fubuki_body_c
image,i_t7_ba_fubuki_cap_c
image,i_t7_ba_fubuki_clothes_c
image,i_t7_ba_fubuki_extras_c
image,i_t7_ba_fubuki_face_c
image,i_t7_ba_fubuki_hair_c
image,i_t7_ba_fubuki_halo_c
image,i_t7_ba_hare_body_c
image,i_t7_ba_hare_extras_c
image,i_t7_ba_hare_eyes_c
image,i_t7_ba_hare_face_c
image,i_t7_ba_hare_face_extras_c
image,i_t7_ba_hare_hair_c
image,i_t7_ba_hare_halo_c
image,i_t7_ba_hare_jacket_c
image,i_t7_ba_hare_labcoat_c
image,i_t7_ba_hare_shoes_c
image,i_t7_ba_hina_body_c
image,i_t7_ba_hina_face_c
image,i_t7_ba_hina_hair_c
image,i_t7_ba_hina_halo_c
image,i_t7_ba_izuna_body_c
image,i_t7_ba_izuna_clothes_c
image,i_t7_ba_izuna_face_c
image,i_t7_ba_izuna_face_extra_c
image,i_t7_ba_izuna_hair_c
image,i_t7_ba_izuna_halo_c
image,i_t7_ba_izuna_kimono_c
image,i_t7_ba_izuna_scarf_c
image,i_t7_ba_izuna_tail_c
image,i_t7_ba_mari_body_c
image,i_t7_ba_mari_clothes_c
image,i_t7_ba_mari_face_c
image,i_t7_ba_mari_hair_c
image,i_t7_ba_minori_body_c
image,i_t7_ba_minori_clothes_c
image,i_t7_ba_minori_clothes_extra_c
image,i_t7_ba_minori_extras_c
image,i_t7_ba_minori_face_c
image,i_t7_ba_minori_hair_c
image,i_t7_ba_minori_halo_c
image,i_t7_ba_momoi_body_c
image,i_t7_ba_momoi_clothes_c
image,i_t7_ba_momoi_coat_c
image,i_t7_ba_momoi_etc_c
image,i_t7_ba_momoi_hair_c
image,i_t7_ba_new_aru_body_c
image,i_t7_ba_new_aru_clothes_c
image,i_t7_ba_new_aru_extras_c
image,i_t7_ba_new_aru_eyes_c
image,i_t7_ba_new_aru_face_c
image,i_t7_ba_new_aru_hair_c
image,i_t7_ba_shigure_cape_c
image,i_t7_ba_shigure_eyes_c
image,i_t7_ba_shigure_eyewhites_c
image,i_t7_ba_shigure_face_c
image,i_t7_ba_shigure_gloves_c
image,i_t7_ba_shigure_gray_c
image,i_t7_ba_shigure_hair_c
image,i_t7_ba_shigure_halo_c
image,i_t7_ba_shigure_legs_c
image,i_t7_ba_shigure_outfit_c
image,i_t7_ba_shigure_sweater_c
image,i_t7_ba_shiroko_body_c
image,i_t7_ba_shiroko_clothes_c
image,i_t7_ba_shiroko_etc_c
image,i_t7_ba_shiroko_face_c
image,i_t7_ba_shiroko_hair_c
image,i_t7_ba_shiroko_halo_c
image,i_t7_ba_yuuka_body_c
image,i_t7_ba_yuuka_coat_c
image,i_t7_ba_yuuka_hair_c
image,i_t7_ba_yuuka_head_c
image,i_t7_ba_yuuka_other_c
image,i_t7_ba_yuuka_suit_c
image,t7_menu_choosespecialist_default_aru
image,t7_menu_choosespecialist_default_black
image,t7_menu_choosespecialist_default_chise
image,t7_menu_choosespecialist_default_fubuki
image,t7_menu_choosespecialist_default_hare
image,t7_menu_choosespecialist_default_hina
image,t7_menu_choosespecialist_default_izuna
image,t7_menu_choosespecialist_default_mari
image,t7_menu_choosespecialist_default_minori
image,t7_menu_choosespecialist_default_momoi
image,t7_menu_choosespecialist_default_shigure
image,t7_menu_choosespecialist_default_shiroko
image,t7_menu_choosespecialist_default_yuuka
image,t7_menu_mp_hero_background_with_aru
image,t7_menu_mp_hero_background_with_chise
image,t7_menu_mp_hero_background_with_fubuki
image,t7_menu_mp_hero_background_with_hare
image,t7_menu_mp_hero_background_with_hina
image,t7_menu_mp_hero_background_with_izuna
image,t7_menu_mp_hero_background_with_mari
image,t7_menu_mp_hero_background_with_minori
image,t7_menu_mp_hero_background_with_momoi
image,t7_menu_mp_hero_background_with_shigure
image,t7_menu_mp_hero_background_with_shiroko
image,t7_menu_mp_hero_background_with_yuuka
image,uie_img_t7_menu_frontend_asset_bo3logo
image,uie_t7_zm_hud_score_aru
image,uie_t7_zm_hud_score_char1
image,uie_t7_zm_hud_score_char1_old
image,uie_t7_zm_hud_score_char2
image,uie_t7_zm_hud_score_char2_old
image,uie_t7_zm_hud_score_char3
image,uie_t7_zm_hud_score_char3_old
image,uie_t7_zm_hud_score_char4
image,uie_t7_zm_hud_score_char4_old
image,uie_t7_zm_hud_score_char5
image,uie_t7_zm_hud_score_char6
image,uie_t7_zm_hud_score_char7
image,uie_t7_zm_hud_score_char8
image,uie_t7_zm_hud_score_chise
image,uie_t7_zm_hud_score_fubuki
image,uie_t7_zm_hud_score_hare
image,uie_t7_zm_hud_score_hina
image,uie_t7_zm_hud_score_izuna
image,uie_t7_zm_hud_score_mari
image,uie_t7_zm_hud_score_minori
image,uie_t7_zm_hud_score_momoi
image,uie_t7_zm_hud_score_shigure
image,uie_t7_zm_hud_score_shiroko
image,uie_t7_zm_hud_score_yuuka
customizationtable,zm_character_customization
customizationtable,zm_character_customization_zmhd
fx,player/fx_plyr_footstep_dust
fx,player/fx_plyr_footstep_dust_dirt
fx,player/fx_plyr_hand_wallrun_dust
fx,player/fx_plyr_jump_dust
fx,player/fx_plyr_jump_dust_dirt
fx,player/fx_plyr_land_dust_md
fx,player/fx_plyr_land_dust_md_dirt
fx,player/fx_plyr_slide_3p_dust
fx,player/fx_plyr_slide_3p_dust_dirt
fx,player/fx_plyr_swim_bubbles_body
fx,player/fx_plyr_water_splash_md
fx,player/fx_plyr_water_splash_sm
rawfile,cp_mod.cfg
rawfile,lua/shared/codshared.lua
rawfile,mod.cfg
rawfile,mp_mod.cfg
rawfile,ui/hudinject/hudinject.lua
rawfile,ui/t6/lobby/lobbymenubuttons.lua
rawfile,ui/t6/lobby/lobbymenus.lua
rawfile,ui/t7/utility/ccutility.lua
rawfile,ui/t7/utility/ccutility_og.luac
rawfile,ui/t7/utility/codutilityrequire.lua
rawfile,ui/t7/utility/lobbyutility.lua
rawfile,ui/t7/utility/lobbyutility_og.luac
rawfile,ui/t7/utility/savingdatautility.lua
rawfile,ui/t7/utility/tfpcutility.lua
rawfile,ui/uieditor/actions.lua
rawfile,ui/uieditor/actions_og.luac
rawfile,ui/uieditor/conditions.lua
rawfile,ui/uieditor/conditions_og.luac
rawfile,ui/uieditor/datasources.lua
rawfile,ui/uieditor/datasources_og.luac
rawfile,ui/uieditor/menus/ba/modinfo.lua
rawfile,ui/uieditor/menus/cac/chooseclass_ingame.lua
rawfile,ui/uieditor/menus/charactercustomization/choosezmcharacterloadout.lua
rawfile,ui/uieditor/menus/charactercustomization/choosezmcharacterloadout_ingame.lua
rawfile,ui/uieditor/menus/charactercustomization/personalizecharacter.lua
rawfile,ui/uieditor/menus/core_frontend_patch_require.lua
rawfile,ui/uieditor/menus/core_ui_require.lua
rawfile,ui/uieditor/menus/lobby/common/popups/bonusmodesflyout.lua
rawfile,ui/uieditor/menus/lobby/common/popups/gamesettingsflyoutmp.lua
rawfile,ui/uieditor/menus/pc/tfoptions.lua
rawfile,ui/uieditor/menus/pc/tfoptions_bgb.lua
rawfile,ui/uieditor/menus/pc/tfoptions_bot.lua
rawfile,ui/uieditor/menus/pc/tfoptions_game.lua
rawfile,ui/uieditor/menus/pc/tfoptions_perks.lua
rawfile,ui/uieditor/menus/pc/tfoptions_player.lua
rawfile,ui/uieditor/menus/pc/tfoptions_powerups.lua
rawfile,ui/uieditor/menus/pc/tfoptions_roamer.lua
rawfile,ui/uieditor/menus/pc/tfoptions_weapons.lua
rawfile,ui/uieditor/menus/pc/tfoptions_zombies.lua
rawfile,ui/uieditor/menus/zm/zmmapselection.lua
rawfile,ui/uieditor/modifyfunctions.lua
rawfile,ui/uieditor/modifyfunctions_og.luac
rawfile,ui/uieditor/widgets/ba/hud/thirdpersoncrosshair.lua
rawfile,ui/uieditor/widgets/ba/modinfofaqpage.lua
rawfile,ui/uieditor/widgets/ba/modinfop1.lua
rawfile,ui/uieditor/widgets/ba/modinfousefullinkspage.lua
rawfile,ui/uieditor/widgets/cac/menuselectscreen/weaponnamewidget.luac
rawfile,ui/uieditor/widgets/charactercustomization/choosecharacter_loadoutlistitem_ingame.lua
rawfile,ui/uieditor/widgets/charactercustomization/choosecharacter_loadoutlistitem_mousehovericon.luac
rawfile,ui/uieditor/widgets/charactercustomization/choosecharacter_tabbar.luac
rawfile,ui/uieditor/widgets/charactercustomization/choosecharacterloadoutbumper.luac
rawfile,ui/uieditor/widgets/charactercustomization/choosecharacterloadoutbumper_internal.luac
rawfile,ui/uieditor/widgets/charactercustomization/choosecharacterloadoutcarouselitem_infoarea_ingame.lua
rawfile,ui/uieditor/widgets/charactercustomization/choosecharacterloadoutcarouselitem_infoareaweapon.luac
rawfile,ui/uieditor/widgets/charactercustomization/choosecharacterloadoutcarouselitem_ingame.lua
rawfile,ui/uieditor/widgets/charactercustomization/choosecharacterloadoutcarouselitem_internal_ingame.lua
rawfile,ui/uieditor/widgets/charactercustomization/smallframewithbg.luac
rawfile,ui/uieditor/widgets/hud/aae_t9_zombie_health_bar/aae_t9_zombie_health_bar.lua
rawfile,ui/uieditor/widgets/hud/aae_t9_zombie_health_bar/aae_t9_zombie_health_bar_container.lua
rawfile,ui/uieditor/widgets/hud/aae_t9_zombie_health_bar/aae_t9_zombie_health_bar_the_bar.lua
rawfile,ui/uieditor/widgets/hud/zm_notiffactory/zmnotificationcontainer.lua
rawfile,ui/uieditor/widgets/lobby/common/fe_3dtitlecontainer.lua
rawfile,ui/uieditor/widgets/lobby/common/fe_3dtitleinternal.lua
rawfile,ui/uieditor/widgets/lobby/common/fe_talkerswidget.luac
rawfile,ui/uieditor/widgets/lobby/common/fe_talkerwidgetbase.luac
rawfile,ui/uieditor/widgets/mphudwidgets/scorepopup/mpscr.lua
rawfile,ui/uieditor/widgets/mphudwidgets/scorepopup/mpscrfeeditem.lua
rawfile,ui/uieditor/widgets/pc/choosecharacter/characterminiselector_ingame.lua
rawfile,ui/uieditor/widgets/pc/choosecharacter/characterminiselectoritem.luac
rawfile,ui/uieditor/widgets/pc/choosecharacter/characterminiselectorleftbutton.luac
rawfile,ui/uieditor/widgets/pc/choosecharacter/characterminiselectorrightbutton.luac
rawfile,ui/uieditor/widgets/pc/choosecharacter/choosecharacter_cardclickbutton.luac
rawfile,ui/uieditor/widgets/pc/startmenu/dropdown/tfoptiondropdown.lua
rawfile,ui/uieditor/widgets/pc/startmenu/dropdown/tfoptiondropdownitem.lua
rawfile,ui/uieditor/widgets/pc/tfoptions/tfoptions_bgb_p1.lua
rawfile,ui/uieditor/widgets/pc/tfoptions/tfoptions_bot_p1.lua
rawfile,ui/uieditor/widgets/pc/tfoptions/tfoptions_game_p1.lua
rawfile,ui/uieditor/widgets/pc/tfoptions/tfoptions_game_p2.lua
rawfile,ui/uieditor/widgets/pc/tfoptions/tfoptions_p1.lua
rawfile,ui/uieditor/widgets/pc/tfoptions/tfoptions_p2.lua
rawfile,ui/uieditor/widgets/pc/tfoptions/tfoptions_p3.lua
rawfile,ui/uieditor/widgets/pc/tfoptions/tfoptions_perks_p1.lua
rawfile,ui/uieditor/widgets/pc/tfoptions/tfoptions_player_p1.lua
rawfile,ui/uieditor/widgets/pc/tfoptions/tfoptions_powerups_p1.lua
rawfile,ui/uieditor/widgets/pc/tfoptions/tfoptions_roamer_p1.lua
rawfile,ui/uieditor/widgets/pc/tfoptions/tfoptions_weapons_p1.lua
rawfile,ui/uieditor/widgets/pc/tfoptions/tfoptions_zombies_p1.lua
rawfile,ui/uieditor/widgets/startmenu/startmenu_gameoptions_zm.lua
rawfile,ui/uieditor/widgets/startmenu/tfoptions_checkboxoption.lua
rawfile,ui/uieditor/widgets/startmenu/tfoptions_navbutton.lua
rawfile,ui/util/json.lua
rawfile,ui/util/t7overcharged.lua
rawfile,ui/util/t7overchargedutil.lua
rawfile,ui_mp/t6/hud.lua
rawfile,ui_mp/t6/hud/loading.lua
rawfile,ui_mp/t6/hud/loading_og.luac
rawfile,ui_mp/t6/hud_og.luac
rawfile,zm_mod.cfg
stringtable,gamedata/ba/nametable.csv
stringtable,gamedata/stats/zm/statsmilestones3.csv
stringtable,gamedata/stats/zm/zm_statstable.csv
stringtable,gamedata/tables/zm/scoreinfo.csv
scriptparsetree,scripts/ba/_chat_notify.gsc
scriptparsetree,scripts/ba/_load.csc
scriptparsetree,scripts/ba/_load.gsc
scriptparsetree,scripts/ba/character.gsc
scriptparsetree,scripts/ba/character_util.gsc
scriptparsetree,scripts/ba/clientsystem.csc
scriptparsetree,scripts/ba/clientsystem.gsc
scriptparsetree,scripts/ba/core_util.gsc
scriptparsetree,scripts/ba/spawner_util.gsc
scriptparsetree,scripts/ba/thirdperson.csc
scriptparsetree,scripts/ba/thirdperson.gsc
scriptparsetree,scripts/core/core_frontend_fx.gsc
scriptparsetree,scripts/core/frontend_cam_override.csc
scriptparsetree,scripts/shared/load_shared.csc
scriptparsetree,scripts/shared/load_shared.gsc
scriptparsetree,scripts/shared/lui_shared.csc
keyvaluepairs,core_mod
surfacefxtable,player_footstep
surfacefxtable,player_jump_start
surfacefxtable,player_land
surfacefxtable,player_slide_left_foot
surfacesounddef,crouchtoprone_npc
surfacesounddef,crouchtoprone_plr
surfacesounddef,defaultnpcfootstep_crouch_run_npc
surfacesounddef,defaultnpcfootstep_crouch_walk_npc
surfacesounddef,defaultnpcfootstep_ladder_hand_npc
surfacesounddef,defaultnpcfootstep_prone_npc
surfacesounddef,defaultnpcfootstep_run_npc
surfacesounddef,defaultnpcfootstep_sprint_npc
surfacesounddef,defaultnpcfootstep_walk_npc
surfacesounddef,defaultnpcloudfootstep_crouch_run_npc
surfacesounddef,defaultnpcloudfootstep_crouch_walk_npc
surfacesounddef,defaultnpcloudfootstep_ladder_hand_npc
surfacesounddef,defaultnpcloudfootstep_prone_npc
surfacesounddef,defaultnpcloudfootstep_run_npc
surfacesounddef,defaultnpcloudfootstep_sprint_npc
surfacesounddef,defaultnpcloudfootstep_walk_npc
surfacesounddef,defaultnpcquietfootstep_crouch_run_npc
surfacesounddef,defaultnpcquietfootstep_crouch_walk_npc
surfacesounddef,defaultnpcquietfootstep_ladder_hand_npc
surfacesounddef,defaultnpcquietfootstep_prone_npc
surfacesounddef,defaultnpcquietfootstep_run_npc
surfacesounddef,defaultnpcquietfootstep_sprint_npc
surfacesounddef,defaultnpcquietfootstep_walk_npc
surfacesounddef,defaultplayerfootstep_crouch_run_plr
surfacesounddef,defaultplayerfootstep_crouch_walk_plr
surfacesounddef,defaultplayerfootstep_ladder_hand_plr
surfacesounddef,defaultplayerfootstep_prone_plr
surfacesounddef,defaultplayerfootstep_run_plr
surfacesounddef,defaultplayerfootstep_sprint_plr
surfacesounddef,defaultplayerfootstep_walk_plr
surfacesounddef,defaultplayerquietfootstep_crouch_run_plr
surfacesounddef,defaultplayerquietfootstep_crouch_walk_plr
surfacesounddef,defaultplayerquietfootstep_ladder_hand_plr
surfacesounddef,defaultplayerquietfootstep_prone_plr
surfacesounddef,defaultplayerquietfootstep_run_plr
surfacesounddef,defaultplayerquietfootstep_sprint_plr
surfacesounddef,defaultplayerquietfootstep_walk_plr
surfacesounddef,fallimpact_fast_surface
surfacesounddef,fallimpact_medium_surface
surfacesounddef,fallimpact_npc
surfacesounddef,fallimpact_rapid_surface
surfacesounddef,fallimpact_slow_surface
surfacesounddef,jumptakeoff_surface_plr
surfacesounddef,jumptakeoffthirdperson_surface
surfacesounddef,leaptakeoff_npc
surfacesounddef,leaptakeoff_plr
surfacesounddef,prone2crouch_plr_surface
surfacesounddef,pronetocrouch_npc
surfacesounddef,slidestart_surface
surfacesounddef,slidestart_surface_npc
surfacesounddef,wallrunend_surface
surfacesounddef,wallrunend_surface_npc
surfacesounddef,wallrunfallstep_npc
surfacesounddef,wallrunfallstep_plr
surfacesounddef,wallrunfootstep
surfacesounddef,wallrunfootstep_npc
surfacesounddef,wallrunloop_plr
surfacesounddef,wallrunstart_surface
surfacesounddef,wallrunstart_surface_npc
footsteptable,defaultnpcfootstep
footsteptable,defaultnpcloudfootstep
footsteptable,defaultnpcquietfootstep
footsteptable,defaultplayerfootstep
footsteptable,defaultplayerquietfootstep
texturecombo,core_mod
